{
    "area": 1.9770510000000001,
    "no of pv modules per wing": 15,
    "total no of pv modules": 1320,
    "installed capacity": 409200,
    "f_temp": 0.8548,
    "f_man": 0.95,
    "f_dirt": 0.95,
    "eff inverter": 0.985,
    "eff dc cables": 0.97,
    "eff ac cables": 0.99,
    "system efficiency": 0.7297177047434998,
    "actual power": 226.21248847048494,
    "psh": {
        "jan": 5.8,
        "feb": 5.72,
        "mar": 5.34,
        "apr": 4.0,
        "may": 4.71,
        "jun": 4.02,
        "jul": 3.91,
        "aug": 3.85,
        "sept": 3.91,
        "oct": 4.59,
        "nov": 5.32,
        "dec": 5.77
    },
    "min daily pv energy output": 1722.9247971866012,
    "average psh": 4.745000000000001,
    "annual energy": 517153644.60440296,
    "specific energy": 1263.816335787886,
    "performance ratio": 0.7297177047434997,
    "min voltage": 33.102000000000004,
    "voltage inverter": 32.108940000000004,
    "min no of modules": 17,
    "v_oc": 48.75,
    "max no of modules": 20
}