{
    "jan": {
        "area": 1.9770510000000001,
        "Number of PV modules per wing": 15,
        "Total Number of PV modules": 1320,
        "Installed Capacity": 409200,
        "f_temp": 0.8548,
        "f_man": 0.95,
        "f_dirt": 0.95,
        "eff_inverter": 0.985,
        "eff_dc_cables": 0.97,
        "eff_ac_cables": 0.99,
        "System Efficiency": 0.7297177047434998,
        "Actual Power": 226.21248847048494,
        "PSH": 5.8,
        "Minimum Daily PV Energy Output": 1731.8828117300325,
        "Average PSH": 4.745000000000001,
        "Annual Energy": 517153644.60440296,
        "Specific Energy": 1263.816335787886,
        "Performance Ratio": 0.7297177047434997,
        "Minimum Voltage": 33.102000000000004,
        "Voltage Inverter": 32.108940000000004,
        "Minimum Number of Modules": 17,
        "V_oc @ 15": 48.75,
        "Maximum Number of Modules": 20
    },
    "feb": {
        "area": 1.9770510000000001,
        "Number of PV modules per wing": 15,
        "Total Number of PV modules": 1320,
        "Installed Capacity": 409200,
        "f_temp": 0.8548,
        "f_man": 0.95,
        "f_dirt": 0.95,
        "eff_inverter": 0.985,
        "eff_dc_cables": 0.97,
        "eff_ac_cables": 0.99,
        "System Efficiency": 0.7297177047434998,
        "Actual Power": 226.21248847048494,
        "PSH": 5.72,
        "Minimum Daily PV Energy Output": 1707.9947729475493,
        "Average PSH": 4.745000000000001,
        "Annual Energy": 517153644.60440296,
        "Specific Energy": 1263.816335787886,
        "Performance Ratio": 0.7297177047434997,
        "Minimum Voltage": 33.102000000000004,
        "Voltage Inverter": 32.108940000000004,
        "Minimum Number of Modules": 17,
        "V_oc @ 15": 48.75,
        "Maximum Number of Modules": 20
    },
    "mar": {
        "area": 1.9770510000000001,
        "Number of PV modules per wing": 15,
        "Total Number of PV modules": 1320,
        "Installed Capacity": 409200,
        "f_temp": 0.8548,
        "f_man": 0.95,
        "f_dirt": 0.95,
        "eff_inverter": 0.985,
        "eff_dc_cables": 0.97,
        "eff_ac_cables": 0.99,
        "System Efficiency": 0.7297177047434998,
        "Actual Power": 226.21248847048494,
        "PSH": 5.34,
        "Minimum Daily PV Energy Output": 1594.5265887307542,
        "Average PSH": 4.745000000000001,
        "Annual Energy": 517153644.60440296,
        "Specific Energy": 1263.816335787886,
        "Performance Ratio": 0.7297177047434997,
        "Minimum Voltage": 33.102000000000004,
        "Voltage Inverter": 32.108940000000004,
        "Minimum Number of Modules": 17,
        "V_oc @ 15": 48.75,
        "Maximum Number of Modules": 20
    },
    "apr": {
        "area": 1.9770510000000001,
        "Number of PV modules per wing": 15,
        "Total Number of PV modules": 1320,
        "Installed Capacity": 409200,
        "f_temp": 0.8548,
        "f_man": 0.95,
        "f_dirt": 0.95,
        "eff_inverter": 0.985,
        "eff_dc_cables": 0.97,
        "eff_ac_cables": 0.99,
        "System Efficiency": 0.7297177047434998,
        "Actual Power": 226.21248847048494,
        "PSH": 4.0,
        "Minimum Daily PV Energy Output": 1194.4019391241604,
        "Average PSH": 4.745000000000001,
        "Annual Energy": 517153644.60440296,
        "Specific Energy": 1263.816335787886,
        "Performance Ratio": 0.7297177047434997,
        "Minimum Voltage": 33.102000000000004,
        "Voltage Inverter": 32.108940000000004,
        "Minimum Number of Modules": 17,
        "V_oc @ 15": 48.75,
        "Maximum Number of Modules": 20
    },
    "may": {
        "area": 1.9770510000000001,
        "Number of PV modules per wing": 15,
        "Total Number of PV modules": 1320,
        "Installed Capacity": 409200,
        "f_temp": 0.8548,
        "f_man": 0.95,
        "f_dirt": 0.95,
        "eff_inverter": 0.985,
        "eff_dc_cables": 0.97,
        "eff_ac_cables": 0.99,
        "System Efficiency": 0.7297177047434998,
        "Actual Power": 226.21248847048494,
        "PSH": 4.71,
        "Minimum Daily PV Energy Output": 1406.408283318699,
        "Average PSH": 4.745000000000001,
        "Annual Energy": 517153644.60440296,
        "Specific Energy": 1263.816335787886,
        "Performance Ratio": 0.7297177047434997,
        "Minimum Voltage": 33.102000000000004,
        "Voltage Inverter": 32.108940000000004,
        "Minimum Number of Modules": 17,
        "V_oc @ 15": 48.75,
        "Maximum Number of Modules": 20
    },
    "jun": {
        "area": 1.9770510000000001,
        "Number of PV modules per wing": 15,
        "Total Number of PV modules": 1320,
        "Installed Capacity": 409200,
        "f_temp": 0.8548,
        "f_man": 0.95,
        "f_dirt": 0.95,
        "eff_inverter": 0.985,
        "eff_dc_cables": 0.97,
        "eff_ac_cables": 0.99,
        "System Efficiency": 0.7297177047434998,
        "Actual Power": 226.21248847048494,
        "PSH": 4.02,
        "Minimum Daily PV Energy Output": 1200.3739488197812,
        "Average PSH": 4.745000000000001,
        "Annual Energy": 517153644.60440296,
        "Specific Energy": 1263.816335787886,
        "Performance Ratio": 0.7297177047434997,
        "Minimum Voltage": 33.102000000000004,
        "Voltage Inverter": 32.108940000000004,
        "Minimum Number of Modules": 17,
        "V_oc @ 15": 48.75,
        "Maximum Number of Modules": 20
    },
    "jul": {
        "area": 1.9770510000000001,
        "Number of PV modules per wing": 15,
        "Total Number of PV modules": 1320,
        "Installed Capacity": 409200,
        "f_temp": 0.8548,
        "f_man": 0.95,
        "f_dirt": 0.95,
        "eff_inverter": 0.985,
        "eff_dc_cables": 0.97,
        "eff_ac_cables": 0.99,
        "System Efficiency": 0.7297177047434998,
        "Actual Power": 226.21248847048494,
        "PSH": 3.91,
        "Minimum Daily PV Energy Output": 1167.527895493867,
        "Average PSH": 4.745000000000001,
        "Annual Energy": 517153644.60440296,
        "Specific Energy": 1263.816335787886,
        "Performance Ratio": 0.7297177047434997,
        "Minimum Voltage": 33.102000000000004,
        "Voltage Inverter": 32.108940000000004,
        "Minimum Number of Modules": 17,
        "V_oc @ 15": 48.75,
        "Maximum Number of Modules": 20
    },
    "aug": {
        "area": 1.9770510000000001,
        "Number of PV modules per wing": 15,
        "Total Number of PV modules": 1320,
        "Installed Capacity": 409200,
        "f_temp": 0.8548,
        "f_man": 0.95,
        "f_dirt": 0.95,
        "eff_inverter": 0.985,
        "eff_dc_cables": 0.97,
        "eff_ac_cables": 0.99,
        "System Efficiency": 0.7297177047434998,
        "Actual Power": 226.21248847048494,
        "PSH": 3.85,
        "Minimum Daily PV Energy Output": 1149.6118664070045,
        "Average PSH": 4.745000000000001,
        "Annual Energy": 517153644.60440296,
        "Specific Energy": 1263.816335787886,
        "Performance Ratio": 0.7297177047434997,
        "Minimum Voltage": 33.102000000000004,
        "Voltage Inverter": 32.108940000000004,
        "Minimum Number of Modules": 17,
        "V_oc @ 15": 48.75,
        "Maximum Number of Modules": 20
    },
    "sept": {
        "area": 1.9770510000000001,
        "Number of PV modules per wing": 15,
        "Total Number of PV modules": 1320,
        "Installed Capacity": 409200,
        "f_temp": 0.8548,
        "f_man": 0.95,
        "f_dirt": 0.95,
        "eff_inverter": 0.985,
        "eff_dc_cables": 0.97,
        "eff_ac_cables": 0.99,
        "System Efficiency": 0.7297177047434998,
        "Actual Power": 226.21248847048494,
        "PSH": 3.91,
        "Minimum Daily PV Energy Output": 1167.527895493867,
        "Average PSH": 4.745000000000001,
        "Annual Energy": 517153644.60440296,
        "Specific Energy": 1263.816335787886,
        "Performance Ratio": 0.7297177047434997,